cond,min,loss,epoch
229.16263002929688,0.025125814181566238,2.161417147445679,1
498.83887006835937,0.027946221017837523,1.1961054592132567,2
486.59513388671877,0.04183824728727341,0.6271489737987518,3
385.7230437011719,0.05965135782361031,0.42364127297401427,4
306.1549041992188,0.08013165922164917,0.34798172178268433,5
248.7811906982422,0.10277601125240327,0.3156138373374939,6
207.97063876953126,0.12768685401678084,0.29699745507240294,7
