cond,min,loss,epoch
95.86882503051758,0.07205878369808197,1.6798471002578734,1
202.17042622070312,0.07379252926111221,0.5650320066928863,2
236.6682076171875,0.07578154833316803,0.32753667705059053,3
246.8163817626953,0.07784468830823899,0.27406365139484407,4
250.2601682373047,0.0797229740858078,0.2473993287563324,5
249.98560383300781,0.08148014323711396,0.231204123878479,6
247.49512097167968,0.08304924573898316,0.22011725459098816,7
