cond,min,loss,epoch
122.07998328857421,0.05347337644696236,1.8162955852508544,1
302.8969708251953,0.04895421633720398,0.7106953362464905,2
387.71294306640624,0.048150578653812406,0.4309914150238037,3
417.54605541992186,0.04894025032520294,0.3639834650993347,4
421.3673341308594,0.05104029205441475,0.3268607961893082,5
410.65277260742187,0.05417461714744568,0.2997602113008499,6
