cond,min,loss,epoch
346.9508721679687,0.014668735443055629,2.220360913658142,1
732.5550845214843,0.014140748134255409,1.3019454392433167,2
1097.4158560546875,0.016061369670927524,0.7286490609645844,3
1201.338958984375,0.01777381962239742,0.5493608491897582,4
1218.5978330078126,0.019358730122447015,0.4471668009757996,5
1070.9995655273437,0.023710988679528238,0.370653676700592,6
973.399518359375,0.02757098494172096,0.32434256319999694,7
957.5247071289062,0.02931821708679199,0.2971210958957672,8
959.2803649414062,0.030270522451400758,0.2778294327020645,9
