cond,min,loss,epoch
103.85939036865234,0.05855907384157181,1.6570027255058288,1
214.90796130371095,0.06282886599302293,0.5820758593559265,2
240.29947668457032,0.06883359389305115,0.35489360086917876,3
241.57885786132812,0.07387539608478547,0.29057915468215945,4
237.27818166503906,0.07835339921712875,0.2566781160354614,5
230.92636340332032,0.08242856479883194,0.23656868290901184,6
223.1920634765625,0.0863259987950325,0.22355159471035005,7
