cond,min,loss,epoch
186.58863374023437,0.030224242317676543,2.0940146881103514,1
349.73000551757815,0.03865535419285297,1.104822664451599,2
290.8453266113281,0.06725925929546356,0.5607220965385437,3
224.7150391357422,0.09767237890958785,0.3666683177471161,4
185.7513837402344,0.12493338440656662,0.3053295745372772,5
168.0565775390625,0.14312879071235657,0.28025465617179873,6
