cond,min,loss,epoch
358.4511990234375,0.016906167247891426,2.2183852853775026,1
1010.404143359375,0.013570279493927955,1.302860483264923,2
1173.837173828125,0.01797690428942442,0.6789895622253418,3
807.3821092773437,0.030660491570830346,0.45402509088516235,4
640.9344618164063,0.04167136311531067,0.3611683909416199,5
560.538057421875,0.050022357606887814,0.3180719163417816,6
530.4639790039063,0.0546406695663929,0.2944002152442932,7
535.7944118164063,0.05561365727782249,0.2786869546413422,8
563.3689473632812,0.05425933529734611,0.2673179718255997,9
