cond,min,loss,epoch
395.0758412109375,0.013892382711172104,2.20820540599823,1
839.0352821289063,0.015329057627916335,1.255794491672516,2
856.5363018554688,0.023578819757699966,0.629700534915924,3
736.3162228515625,0.03107317110300064,0.4208290651798248,4
717.7452552734375,0.03395421022772789,0.3533602701187134,5
690.5276052734375,0.0366664868414402,0.3078770372390747,6
647.3943041992187,0.040109438997507095,0.2757218524932861,7
596.9981711914063,0.044221165138483044,0.2545039800167084,8
538.8162553710938,0.049446502566337584,0.2403992437839508,9
