cond,min,loss,epoch
219.46583154296874,0.025944021493196488,2.1334729736328124,1
573.8135581542969,0.023767672047019003,1.1303525357246398,2
728.7986389648438,0.026297702771425246,0.5359188280582428,3
671.9590147460938,0.03196409488320351,0.35995460577011107,4
541.6909920898438,0.04192623884677887,0.306286036491394,5
420.1595258300781,0.05590846301317215,0.2788334845781326,6
324.34205634765624,0.0739296660542488,0.26021003806591037,7
261.9812654296875,0.09249205416440964,0.24649718964099884,8
