cond,min,loss,epoch
176.26742890625,0.03084755903184414,2.0224276056289674,1
355.87058266601565,0.03544918668270111,0.9350324485778808,2
381.89378095703125,0.046335045742988586,0.4869502252578735,3
366.5181025878906,0.05440232584476471,0.34738409156799316,4
358.6966068359375,0.0593929332613945,0.3002820697069168,5
340.77191865234374,0.065312504529953,0.2761242190122604,6
315.5070028808594,0.07268050155639648,0.2620374915599823,7
289.9401407226562,0.08074467395544052,0.25149282808303836,8
264.2589223388672,0.08981304843425751,0.2429527482509613,9
