cond,min,loss,epoch
210.7732427246094,0.027595161575078964,2.147561054611206,1
483.4142039550781,0.028263975432515145,1.1290503281593323,2
492.1530085449219,0.040106192082166675,0.5198782428741455,3
400.01865703125,0.05555858188271522,0.35088697180747985,4
333.15906684570314,0.0709682986497879,0.2958301302909851,5
284.95011884765626,0.08619099452495575,0.26904581043720244,6
