cond,min,loss,epoch
350.36629580078124,0.015985759852826596,2.1994215085983275,1
685.8154681640625,0.017086762611567975,1.240240050125122,2
777.6801873046875,0.024455399575829505,0.6054215288639069,3
723.5737256835937,0.03169715092182159,0.43325623683929443,4
613.8802110351562,0.0408705003798008,0.36345167894363406,5
498.2574922363281,0.0531226871907711,0.3141672724723816,6
431.7589636230469,0.06350097382664681,0.2848142644405365,7
