cond,min,loss,epoch
226.89311000976562,0.023173129239678382,2.2209934930801394,1
546.4167410644532,0.020805085730552675,1.2660394210815429,2
619.1257467773438,0.030074095636606218,0.5904841907024384,3
503.3228389160156,0.04369797450304031,0.39648603801727295,4
405.35771748046875,0.05936700212955475,0.3335465214729309,5
320.89387626953123,0.07924922995567321,0.30355946230888364,6
