cond,min,loss,epoch
340.2739154296875,0.016990594194829463,2.1451965726852418,1
796.5509049804688,0.017240988294780255,1.170984585762024,2
787.1170352539062,0.024954892280697822,0.6058647014617919,3
654.4928333007813,0.03341970049738884,0.4104535882949829,4
564.8648700195313,0.04108563207387924,0.3415121817111969,5
463.39915556640625,0.05210176792144775,0.3075311662197113,6
363.36274985351565,0.06880572497844696,0.28634427876472474,7
