cond,min,loss,epoch
393.3756287109375,0.01424267879575491,2.1960337507247925,1
1043.9770049804688,0.011327987234294415,1.1783360145568849,2
1160.2075112304688,0.015996141079068184,0.6813304462909698,3
941.985409375,0.022978079929947853,0.5001465736865998,4
773.7012623046875,0.030538532936573028,0.3899950710296631,5
611.3036124023438,0.04095748183131218,0.33231216487884524,6
467.79146479492186,0.055634865337610244,0.301834156370163,7
357.8848455078125,0.07441527262926102,0.2825701258182526,8
