cond,min,loss,epoch
303.2337423828125,0.018685409790277482,2.215505926322937,1
807.6847788574219,0.01719985500276089,1.3337021083831788,2
1122.0959919921875,0.018264906907081605,0.7305827936172485,3
1171.24147421875,0.0198863421022892,0.5103679284572601,4
1150.880898046875,0.02165144396722317,0.39840309047698974,5
1053.6585954101563,0.02472737075984478,0.3394752127170563,6
918.7806680664063,0.02975496384203434,0.3095026086330414,7
770.4108349609374,0.037060029304027554,0.2907670301437378,8
