cond,min,loss,epoch
291.3992759033203,0.019708662727475165,2.189896222305298,1
670.6495737792969,0.019499892395734787,1.1951394172668457,2
542.3598579101563,0.03598781967163086,0.7033644471645355,3
390.64804174804686,0.055776111352443696,0.5725221713542938,4
319.40834301757815,0.07304933012723923,0.48582924008369444,5
245.06393620605468,0.10033087003231049,0.38167873001098634,6
181.93129187011718,0.13894686158895492,0.31574814977645876,7
144.9693367675781,0.17725553526878357,0.28641045541763305,8
124.25689750976562,0.20893682050704956,0.2692622174501419,9
