cond,min,loss,epoch
157.0841958984375,0.03328102710545063,1.961784107208252,1
368.93411667480467,0.03301389526128769,0.7676932399749756,2
466.99140556640623,0.03550091011524201,0.39116229119300844,3
463.1968847167969,0.03979987208247185,0.3135665453195572,4
442.01949379882814,0.04407922080159187,0.28394678127765655,5
409.9634750488281,0.049148614537715914,0.2674809112787247,6
