cond,min,loss,epoch
277.6403103515625,0.01986274074316025,2.203415776634216,1
863.7525198730468,0.015335372842848301,1.2033448878288269,2
1163.901621875,0.01685321158617735,0.5545763718605041,3
993.2254903320312,0.022221966952085496,0.39372943267822264,4
804.1181806640625,0.029054442077875137,0.34421887793540956,5
618.481571875,0.039130608129501344,0.30546948103904725,6
