cond,min,loss,epoch
163.87472239990234,0.04246323139667511,1.922090997505188,1
376.1546262207031,0.0426491823554039,0.8393508901119232,2
449.861225390625,0.04498006673455238,0.43635229659080504,3
482.9702696777344,0.045513013553619384,0.32889743647575376,4
526.866612890625,0.04356205552220344,0.2879505979776382,5
556.9362560546875,0.04224879279136658,0.265912127995491,6
571.7078470703125,0.04176897561550141,0.2512152818441391,7
567.0147115234375,0.04239464001059532,0.23966548039913177,8
550.0741609375,0.0437017630815506,0.23081890542507172,9
