cond,min,loss,epoch
219.90573588867187,0.0270508682012558,2.1894912097930908,1
468.08786997070314,0.029661364299058916,1.2557783237457276,2
512.9252208984375,0.04196434436440468,0.6196634923934936,3
390.8902107421875,0.06284094163179398,0.3892226293563843,4
316.82424033203125,0.08227792335748672,0.31961098499298096,5
285.15069301757813,0.09583964021205903,0.2912010976791382,6
269.9327125,0.10652610042095184,0.2746786982536316,7
256.0988815673828,0.11660278604030609,0.2634038776397705,8
242.562836328125,0.12653091558218002,0.2548281779766083,9
