cond,min,loss,epoch
1932.3601989746094,0.0027052510413341224,2.5909961462020874,1
1932.7464904785156,0.002698606112971902,2.5939493775367737,2
1932.9491882324219,0.002691993664484471,2.6058492064476013,3
1933.1985168457031,0.0026853097369894385,2.6096808910369873,4
