cond,min,loss,epoch
3224.6986083984375,0.001620689562211434,2.5860755840937295,1
3227.078165690104,0.0016113981061304608,2.601311723391215,2
3228.76611328125,0.001602268040490647,2.5895517667134604,3
3231.0777994791665,0.0015930557468285163,2.5761269330978394,4
