cond,min,loss,epoch
1782.720703125,0.0030260438409944372,2.6111043294270835,1
1782.9852701822915,0.003021802132328351,2.5950912634531655,2
1783.0695393880208,0.0030174957743535438,2.6199580828348794,3
1783.2406005859375,0.0030132900768270092,2.5927544434865317,4
