cond,min,loss,epoch
2874.8767578125003,0.0018745152279734613,2.6120948791503906,1
2874.8677734375,0.0018676065606996418,2.5910428047180174,2
2875.498046875,0.001860778918489814,2.5952641010284423,3
2876.0957519531253,0.0018537347204983234,2.597752332687378,4
