cond,min,loss,epoch
99.08921069335938,0.04770630033612251,2.456418966293335,1
105.44082690429688,0.043225263577699666,2.328361724090576,2
114.36601721191407,0.039116340839862825,2.2696010402679443,3
124.37083410644532,0.0355879983484745,2.2366563121795653,4
