cond,min,loss,epoch
121.45820469970704,0.03986498366594315,2.503393704986572,1
126.95694980468751,0.036212028026580814,2.4176926876068117,2
134.53555878906252,0.032910125476121904,2.375653795623779,3
142.68267766113283,0.03010235593020916,2.346382444381714,4
150.80333247070314,0.027735559701919557,2.3255250686645508,5
158.44929160156252,0.02577521321177483,2.3078158348083497,6
165.43601730957033,0.024157098710536958,2.2941968116760254,7
