cond,min,loss,epoch
153.40276794433595,0.03345464725494385,2.4773971828460692,1
162.68481291503906,0.03005114335715771,2.3736412704467775,2
175.80896513671877,0.026853183099627496,2.3272500186920166,3
190.21834091796876,0.024152487990260124,2.296122415161133,4
204.7289905029297,0.02192156617343426,2.2739060966491698,5
