cond,min,loss,epoch
77.7555033569336,0.06098369845151901,2.382915298461914,1
84.60480876464844,0.054056052839756015,2.226212653160095,2
95.9098323852539,0.046763069230318074,2.1723431560516357,3
108.9103924560547,0.04069896216392517,2.136374363517761,4
122.40589029541016,0.03594350759983063,2.111071301841736,5
136.55437202148437,0.032064442870020866,2.0908515754699706,6
