cond,min,loss,epoch
71.33633264770508,0.08397079565525055,1.6661537662506103,1
143.17045286865235,0.088786048579216,0.5515633955955506,2
168.25736437988283,0.09548710621595383,0.29955974757671355,3
178.52216025390626,0.09880501965284348,0.23979120643138885,4
181.90154711914064,0.10177648131847382,0.21677756364345552,5
180.91719189453127,0.10510708667039871,0.2038734456062317,6
