cond,min,loss,epoch
1392.6112670898438,0.0038753447879571468,2.6003603041172028,1
1393.917495727539,0.0038352946285158396,2.6293059289455414,2
1395.4729919433594,0.0037965208175592124,2.6093456149101257,3
1399.1366577148438,0.0037514646246563643,2.580693304538727,4
