cond,min,loss,epoch
2588.00843641493,0.0019227499400989877,2.6392362912495932,1
2599.118191189236,0.0018962777556023663,2.5669378174675836,2
2604.313720703125,0.0018722866791196994,2.551457405090332,3
2604.4661729600693,0.0018546491111111308,2.5338572131262884,4
