cond,min,loss,epoch
2767.021752929688,0.0017532065510749819,2.657101774215698,1
2772.541845703125,0.0017271977267228067,2.58399920463562,2
2786.2791992187504,0.0016936484025791287,2.5734543085098265,3
2802.6090087890625,0.0016620880807749927,2.5993643045425414,4
