cond,min,loss,epoch
1086.2557902099609,0.0034325537130236628,2.357733027648926,1
968.5675333251953,0.003264554948825389,2.3156423879623413,2
955.7657517333985,0.003405448159761727,2.3148255303382874,3
933.0782541992188,0.0036165639324113727,2.3152503164291383,4
914.6460863281251,0.0038231780275702477,2.315826899242401,5
900.8560949462891,0.00400094495806843,2.3158125948905943,6
