cond,min,loss,epoch
1575.1055204101563,0.0025797080212272704,2.3566859039306642,1
1684.6476206054688,0.001990091133955866,2.315194174194336,2
1628.4528996582033,0.0021219921762123707,2.31467778711319,3
1576.9176408203125,0.00226691982569173,2.3151015540122986,4
1534.382210546875,0.002402955245319754,2.3157502462387085,5
