cond,min,loss,epoch
830.0060298583985,0.005050492152944208,2.3499978410720823,1
789.5375087402344,0.004658068698644638,2.314928780078888,2
786.7433039794922,0.0047880862254649405,2.315178626823425,3
786.2179018554688,0.004912924664467574,2.31548353471756,4
785.9412634277344,0.0050210930615663535,2.316013048553467,5
789.3223231445313,0.0050975571675226095,2.316439829349518,6
795.697648779297,0.005146831120550633,2.316492985725403,7
