cond,min,loss,epoch
651.5745249267578,0.005841645887494087,2.3581459323883056,1
629.8735337402344,0.005167986003868282,2.315813198375702,2
621.1585444580079,0.005388029801100493,2.314705240058899,3
613.5700309814454,0.005645755533874035,2.314957797718048,4
609.1526861572266,0.0058777593038976195,2.3156118721961976,5
