cond,min,loss,epoch
1530.344492138672,0.0025292968446854504,2.3595364361763003,1
2126.643017041016,0.001457286849198863,2.316480673122406,2
2210.441542578125,0.0014373080788180233,2.3147556228637693,3
2138.6294833007814,0.0015435781717766078,2.314907665157318,4
2052.014137060547,0.0016724947668612005,2.3155914142608642,5
1987.4204464355469,0.0017875663476064803,2.3160922202110292,6
1883.7741631347658,0.0019464648795314134,2.3161563716888427,7
