cond,min,loss,epoch
1085.3217301757813,0.0035239445257931948,2.3573119887351988,1
1226.8435984863281,0.002594196063000709,2.315037311935425,2
1248.3464345214845,0.0026196833655238155,2.314716015434265,3
1238.155671435547,0.0027337230551987887,2.314721853542328,4
1219.7108784179688,0.0028664870364591482,2.3156279448509216,5
1196.6505580078126,0.0030069917459972203,2.3159647263526915,6
1178.358887841797,0.003137397124990821,2.316222097015381,7
