cond,min,loss,epoch
901.489319506836,0.004192632657941431,2.3586940507888796,1
954.7711069335938,0.0033210320866666736,2.3159040536880493,2
949.6429155029298,0.0034312988511286677,2.3146720339775086,3
940.1843000244141,0.003588273046165705,2.3153049151420593,4
932.3190430419922,0.0037427821351215247,2.315590352535248,5
928.6706499267578,0.0038722243955358867,2.3156559061050417,6
