cond,min,loss,epoch
1428.4397547851563,0.0027226308989338577,2.358016101074219,1
1445.7216551269532,0.0022604965609498325,2.315460638809204,2
1424.7414859375,0.002354869186785072,2.314613634300232,3
1404.772615966797,0.0024707965396344664,2.3146932257652284,4
1393.4755504882812,0.00256886519305408,2.3154683411598205,5
1392.233883251953,0.002645619594678283,2.31588360452652,6
1401.3409633789063,0.0026959655310958624,2.316526807975769,7
