cond,min,loss,epoch
775.9669617675781,0.004995981809590012,2.3585283216476443,1
644.8947080322266,0.004877012746036053,2.3152979544639587,2
640.9431637451172,0.005044365795329213,2.3146449021339417,3
639.5057022460937,0.005248837104998529,2.315332577419281,4
639.7919327148438,0.005428746989741922,2.3157182215690613,5
