cond,min,loss,epoch
1801.9563955566407,0.0024313384683337064,2.358272713470459,1
2227.847866308594,0.0014749421189073474,2.3158260486602784,2
1941.5403450683596,0.0017381095945369453,2.315281012248993,3
1743.7338120117188,0.0020023462121374906,2.3154122774124146,4
