cond,min,loss,epoch
1166.6139381835937,0.003331312352791429,2.3573778094291686,1
1070.791844482422,0.0031227562556043267,2.315137695503235,2
1036.2669353027345,0.003325305463653058,2.314811851024628,3
991.6356583007813,0.0035939918405376377,2.315172119426727,4
964.6982242431641,0.0038149931902997196,2.3158163807868957,5
