cond,min,loss,epoch
1425.314056640625,0.00275872702319175,2.352693834877014,1
1536.1640834960938,0.002216339842788875,2.3147686701774597,2
1552.3809267089844,0.002241844276152551,2.3144548521995545,3
1553.6110458984376,0.0023030458978377283,2.31547387676239,4
1552.5986444335938,0.0023639220556244257,2.3157860983848573,5
1553.8545476074219,0.0024185780484229326,2.315945546913147,6
1560.324329248047,0.002459665833041072,2.3164958854675293,7
1572.9925148925781,0.0024884497227147225,2.3165319469451906,8
