cond,min,loss,epoch
1152.700345288086,0.0030324283434078098,2.3590043608665465,1
968.9385164794923,0.003052697579190135,2.316068182563782,2
951.3031662109375,0.0032114408073015514,2.3147457458496095,3
938.6641339355469,0.0033740481283515695,2.3152303283691404,4
932.1554124023438,0.0035148176326416434,2.315680885028839,5
932.7301903076172,0.0036240402618423107,2.3158394780158997,6
940.5565898925781,0.0036936279250308875,2.3164542721748353,7
