cond,min,loss,epoch
940.8110093994142,0.004027129775471985,2.3614476939201356,1
685.3101463134766,0.004580154431238771,2.3160352005958558,2
657.6101711914063,0.004915263630636037,2.3146381973266603,3
645.1672146972656,0.005202409823983908,2.3150254118919373,4
639.0556475097657,0.005443755924701691,2.3158312509536745,5
635.9969440185547,0.005645013058558107,2.3160448702812193,6
636.107436303711,0.005806069295480848,2.3160263721466063,7
