cond,min,loss,epoch
1432.0375556640627,0.0028042130513116718,2.3586236587524416,1
1497.6173704101564,0.00212656368855387,2.3159227909088136,2
1516.4692252441407,0.0021611057820729914,2.3145014981269836,3
1618.567319921875,0.0021036508415825665,2.3150668176651,4
