cond,min,loss,epoch
2206.13572578125,0.0017380628719925882,2.3552579957962037,1
2500.3997112304687,0.0012962079263292253,2.3157848121643068,2
2523.749888574219,0.0013169118569232524,2.3144485727310182,3
2459.627032421875,0.001393877057824284,2.315377502632141,4
