cond,min,loss,epoch
1468.54830546875,0.002680057246470824,2.35637435798645,1
1897.9703224609375,0.0017207805639132857,2.31555738363266,2
1843.149595605469,0.0018145926812663676,2.3142441714286806,3
1765.2640701660157,0.001958682199753821,2.3152123372077944,4
1732.6323919433594,0.0020572439448907974,2.3157097456932068,5
1735.2975990234377,0.0021127733592875304,2.315927997779846,6
