cond,min,loss,epoch
845.8261538818359,0.004265527911018581,2.360519057559967,1
677.2635997314453,0.0043121871301904325,2.315443856906891,2
659.7835633789063,0.004574861773103476,2.3144962988853455,3
647.8991563720704,0.0048657229300588375,2.3152094378471375,4
639.093901171875,0.005137181376293301,2.3154650698661805,5
632.996240209961,0.005371979033388197,2.3160467779159544,6
