cond,min,loss,epoch
1070.4343111083986,0.0034210749986581506,2.3563424262046815,1
943.0334239257813,0.003301313996408135,2.3147181495666502,2
911.6817009277344,0.003519499056879431,2.3143295349121096,3
895.0188984619141,0.003707350180950016,2.31527924785614,4
883.7420681640625,0.0038741304259747268,2.315745153045654,5
