cond,min,loss,epoch
821.7319753173829,0.005106422039493919,2.3520000525474547,1
799.7221227539063,0.004507167328707874,2.3153256360054018,2
806.5212086914063,0.004567771881259978,2.3148187054634093,3
811.3905143554688,0.004669900257140399,2.315599666118622,4
