cond,min,loss,epoch
1244.5620806396485,0.003066932908818126,2.3570959086418153,1
1274.6996862304688,0.0024966627553105357,2.315773931598663,2
1180.2175230468752,0.0027647823709994555,2.3146346559524535,3
1118.0286192382814,0.003010281828790903,2.3149123010635377,4
1085.1752048828125,0.0031945608373731378,2.315800314235687,5
