cond,min,loss,epoch
965.3836540039063,0.003964040215034038,2.361097217941284,1
834.7621534667969,0.0036972362278029323,2.316315594482422,2
854.2998971923829,0.00373330055391416,2.3148880297660828,3
861.7550453125,0.0038587224230170252,2.3146297344207762,4
866.2077335205079,0.00398189720902592,2.3151020344734192,5
