cond,min,loss,epoch
1335.4956658691408,0.0031279108718037605,2.347504092979431,1
1175.5947410644533,0.0031530938076786696,2.314816171169281,2
1174.9293788574219,0.0032147641723044218,2.31483213968277,3
1174.5459166015626,0.0032756906251423063,2.315381700134277,4
1176.4884298828126,0.003327702890802175,2.3160002250671385,5
