cond,min,loss,epoch
976.6434479248047,0.003836711937375367,2.364458675670624,1
1033.3563965576172,0.0028680428265593946,2.3167530303955077,2
1090.4620387207033,0.0027954002073034647,2.314772574424744,3
1106.539695361328,0.0028865210889838636,2.3151134106636047,4
1105.9917676757814,0.0030201620721258225,2.3157990509033204,5
1104.9163428710938,0.0031479557380080223,2.315792055606842,6
1112.884172265625,0.003239113560318947,2.3159838369369505,7
