cond,min,loss,epoch
1088.837155029297,0.003555358334258199,2.3558419832229616,1
1173.0145595703125,0.0028379353217780593,2.3155921626091005,2
1159.883947216797,0.0029412476404570044,2.3145260760307313,3
1128.6088193847656,0.003117338735703379,2.315191579723358,4
1100.0930227050783,0.0032920565626583997,2.3153396409988405,5
1084.8992935058595,0.003431753377057612,2.3158880259513857,6
1073.7434543945312,0.0035516142193228006,2.3159085169792175,7
1072.4637638671875,0.003636616829223931,2.316307462120056,8
1085.6546487304688,0.0036659458776935935,2.3169496090888977,9
