cond,min,loss,epoch
1309.8689281250001,0.0029750880838371814,2.353552220439911,1
1198.3549247558594,0.0028372080787084997,2.315242704200745,2
1184.0168645019533,0.00293275832971558,2.3144224378585814,3
1177.2334683593751,0.0030301335602998733,2.315206531715393,4
1178.7094301269533,0.0031042727854102854,2.3153780883789064,5
1185.4300750488283,0.003155724047869444,2.316274717617035,6
1204.43438984375,0.003175540609844029,2.316504202079773,7
1229.7981463378908,0.003170421811565757,2.31658621673584,8
