cond,min,loss,epoch
1372.594071923828,0.002892887005303055,2.3565791571617125,1
1368.6956786621095,0.0024688229583203795,2.3151784923553467,2
1350.5745649414064,0.00256813998837024,2.3146236311912536,3
1326.7412185058595,0.002699383017141372,2.3151338541030886,4
1317.2649469238281,0.00280224548606202,2.3158371277809144,5
1317.5587351562501,0.0028774720481596888,2.316328616809845,6
1332.436163671875,0.002914549666456878,2.3165642327308653,7
