cond,min,loss,epoch
904.6974487304688,0.005885039689019322,2.6061288118362427,1
904.8201293945312,0.005870415596291423,2.6081204414367676,2
904.8396453857422,0.005856302217580378,2.5902058482170105,3
904.9410552978516,0.005842589074745774,2.588292360305786,4
