cond,min,loss,epoch
2595.852001953125,0.001954579004086554,2.6067725658416747,1
2596.4609375,0.001947163138538599,2.601395511627197,2
2596.6296875000003,0.0019397901138290764,2.596278524398804,3
2597.1104980468754,0.0019324704771861434,2.595411777496338,4
