cond,min,loss,epoch
3187.0106608072915,0.0016334854687253633,2.5923783779144287,1
3188.5204264322915,0.0016243410063907504,2.600473403930664,2
3189.283040364583,0.0016154311209296186,2.5888787508010864,3
3188.6005452473955,0.001607304070300112,2.591959834098816,4
