cond,min,loss,epoch
3758.5146484375,0.001365874350691835,2.59196408589681,1
3758.697998046875,0.0013639741810038686,2.6117653052012124,2
3758.6503092447915,0.0013622031935180226,2.594251871109009,3
3758.448811848958,0.0013604491638640561,2.6070288817087808,4
