cond,min,loss,epoch
2160.117954799107,0.0025493617369128124,2.603548152106149,1
2160.924665178571,0.00253008006672774,2.5952331679207936,2
2161.764578683036,0.0025112221483141184,2.5869885853358676,3
2162.076764787946,0.0024930478539317846,2.587071282523019,4
