cond,min,loss,epoch
98.31171890869142,0.06828174735307693,1.678828841495514,1
200.73263723144532,0.07213748565912247,0.6614790498256683,2
218.1178167480469,0.08118010351657867,0.4204882210254669,3
205.48138439941408,0.09307042199373246,0.3434419704437256,4
195.67841059570313,0.10189746809005738,0.2987983089208603,5
171.6440771484375,0.11868646857738495,0.26942350089550016,6
145.77726696777344,0.1409717366695404,0.24896621627807616,7
