cond,min,loss,epoch
2389.099539620536,0.0019737088587135077,2.59520731653486,1
2394.6866629464284,0.0019578450093311922,2.604586601257324,2
2395.6661551339284,0.0019425370930028813,2.586643866130284,3
2394.096435546875,0.0019292434278343404,2.5590339047568187,4
2396.996651785714,0.0019139553187415004,2.5969540732247487,5
2396.456856863839,0.0019011145258056264,2.5959620816367015,6
2398.712506975446,0.0018866512026371699,2.587402956826346,7
2400.5914481026784,0.001873254293708929,2.5455126762390137,8
