cond,min,loss,epoch
2892.90087890625,0.0017850744576814273,2.6310612758000693,1
2893.9871826171875,0.0017760640475898981,2.5846571922302246,2
2895.0443115234375,0.0017662951916766663,2.5813505252202353,3
2895.8515625,0.0017572263022884727,2.566970944404602,4
2894.9616292317705,0.0017494822774703303,2.583354870478312,5
2894.838663736979,0.001740406771811346,2.56742533047994,6
2892.6530354817705,0.0017338254256173968,2.5418465534845986,7
2891.1017252604165,0.0017262681115729113,2.576457659403483,8
