cond,min,loss,epoch
3942.122639973958,0.0013767504133284092,2.6449337800343833,1
3943.343505859375,0.0013746642119561632,2.5846476554870605,2
3946.048421223958,0.0013722183648496866,2.5953449408213296,3
3946.0165201822915,0.0013706178482001026,2.5580686728159585,4
3946.7914225260415,0.0013686252059414983,2.6089521249135337,5
3947.003011067708,0.0013669722247868776,2.5570244789123535,6
3947.0973307291665,0.0013649879644314447,2.594729741414388,7
3947.28759765625,0.0013630357182895143,2.590226332346598,8
