cond,min,loss,epoch
1660.2057617187502,0.0031182032078504564,2.615193510055542,1
1661.8626220703127,0.00310543985106051,2.5783809661865233,2
1662.0291259765627,0.0030940228141844274,2.5914284706115724,3
1662.653076171875,0.0030820013955235484,2.6184964179992676,4
1664.556884765625,0.0030687726568430665,2.569135808944702,5
1665.3185546875002,0.0030566077679395677,2.560860586166382,6
1664.9290283203127,0.003046890115365386,2.552561378479004,7
1663.3204589843751,0.0030392461456358435,2.525630521774292,8
