cond,min,loss,epoch
145.5995126098633,0.05596149061322212,1.5828409008979798,1
300.02672834472656,0.05570734707117081,0.6553968763828277,2
337.6759229492188,0.059963553732633595,0.3974488476753235,3
364.59223852539066,0.0601762034714222,0.30609758634567263,4
379.7089181152344,0.06041502758860588,0.2655089997768402,5
388.86219501953127,0.06065092108845711,0.24200454063415527,6
394.01726235351566,0.06085693892836571,0.22795818483829497,7
396.34408012695314,0.061013301426172256,0.21850235495567322,8
