cond,min,loss,epoch
139.84663325195314,0.051075716447830204,1.6960331687927246,1
279.9519224121094,0.05366133975982666,0.7363806235313416,2
312.62374975585936,0.05861995897293091,0.4618266806602478,3
308.3044666015625,0.06440386996269226,0.3685425966978073,4
310.78948525390626,0.06678521789312362,0.32103218977451325,5
317.2937054199219,0.06751015594005585,0.29296398582458494,6
