cond,min,loss,epoch
267.2076938964844,0.029749171501398088,1.6828295629501342,1
661.3623963378907,0.024873655101656914,0.7582019562721253,2
779.4806734375001,0.025590795263648033,0.4787061405181885,3
802.3049862304688,0.02691501410007477,0.39886522867679597,4
800.7445520507813,0.028275143229961396,0.3652037355899811,5
789.2149372070313,0.02967905520796776,0.34487233576774595,6
764.4583490234376,0.0314353099167347,0.3303461519479752,7
740.116212109375,0.03308765779733658,0.3193625369310379,8
