cond,min,loss,epoch
325.6263558837891,0.02535532437860966,1.7632111333847047,1
851.8860014648438,0.019651397731900215,0.840240584897995,2
971.668861328125,0.02076604235172272,0.5288008238315582,3
1002.3998265625,0.02185281229019165,0.41120448570251467,4
986.0811131835937,0.02334459726214409,0.34772567720413206,5
939.9068015625,0.02531695709824562,0.312352445435524,6
877.8186173828126,0.0277108787894249,0.29014170322418215,7
804.6225788085937,0.03067093931436539,0.2755141772031784,8
