cond,min,loss,epoch
81.66201136474609,0.09165423138141633,1.4587230119705201,1
137.3337850341797,0.10513482561111451,0.5524254578590393,2
134.65966662597657,0.12535432317256928,0.39473497838974,3
140.30165349121094,0.12830497658252718,0.36108816752433776,4
145.199459765625,0.12812264997959139,0.3454147595882416,5
147.81515812988283,0.12792296631336214,0.33304519779682157,6
