cond,min,loss,epoch
86.98738202514649,0.08329230587482453,1.5233788414955138,1
160.89140986328127,0.0879974834561348,0.6232578943252564,2
170.08722158203125,0.0987290590286255,0.40648748712539673,3
161.97963537597656,0.11221742513179779,0.3196169343948364,4
150.3529474121094,0.12627920104265214,0.2721686606884003,5
146.91318002929688,0.1325369824409485,0.24301728665828704,6
