cond,min,loss,epoch
116.50964323730469,0.0714241634964943,1.5971071274757385,1
222.72163896484375,0.07629255751371385,0.7231468379974365,2
234.8997857421875,0.08683731313943863,0.4549789218664169,3
241.31313127441408,0.09147907785177231,0.3600437434911728,4
248.12529914550782,0.09319087945222855,0.3138567685842514,5
255.16332177734375,0.09423780465126039,0.28212440433502195,6
262.9201861328125,0.09433447309732437,0.2580902218818665,7
273.36482294921876,0.09273318687677384,0.23977971324920655,8
291.08836967773436,0.08838549257516862,0.22483297708034516,9
