cond,min,loss,epoch
2347.7760620117188,0.00232627842342481,2.5973084568977356,1
2348.2194213867188,0.0023205382749438286,2.5923824310302734,2
2348.24169921875,0.0023151555797085166,2.5954836010932922,3
2348.3892822265625,0.00230969866970554,2.6035232543945312,4
