cond,min,loss,epoch
1403.9220581054688,0.004080237743134299,2.5961031119028726,1
1404.300069173177,0.004058179756005605,2.585016131401062,2
1404.5928344726562,0.004036729224026203,2.5849198500315347,3
1404.4952392578125,0.0040159494771311675,2.5806882778803506,4
