cond,min,loss,epoch
2337.2101236979165,0.0021650472190231085,2.602672894795736,1
2337.456380208333,0.0021621255048861103,2.584984540939331,2
2337.78466796875,0.0021589852403849363,2.618967851003011,3
2337.9735514322915,0.002155875243867437,2.5903471310933432,4
