loss,epoch
2.6394259929656982,1
2.539968967437744,2
2.6199657917022705,3
2.6167399883270264,4
2.561499834060669,5
2.5732314586639404,6
2.6002213954925537,7
2.573052167892456,8
2.6309900283813477,9
2.607229471206665,10
2.5516159534454346,11
2.626678466796875,12
2.579444646835327,13
2.597768783569336,14
2.600738286972046,15
2.6949872970581055,16
2.634953737258911,17
