cond,min,loss,epoch
2383.924102783203,0.002035794866969809,2.6018668711185455,1
2392.55908203125,0.002012259152252227,2.609908163547516,2
2396.0733642578125,0.001992347853956744,2.542577862739563,3
2399.2940368652344,0.001973473175894469,2.522169351577759,4
