cond,min,loss,epoch
2911.18701171875,0.001733874164832135,2.6038076082865396,1
2911.5658365885415,0.001731422341739138,2.6136547724405923,2
2911.6883951822915,0.001729101873934269,2.5961894194285073,3
2912.0055338541665,0.0017265392622599998,2.6079471111297607,4
