cond,min,loss,epoch
2986.0847656250003,0.0018674246734008194,2.602894163131714,1
2985.403564453125,0.0018610874190926553,2.5951327800750734,2
2985.7241699218753,0.0018543137703090906,2.5906181812286375,3
2985.716259765625,0.0018476974219083786,2.590703773498535,4
