loss,epoch
2.3142757415771484,1
2.300656795501709,2
2.2918546199798584,3
2.3273327350616455,4
2.273946523666382,5
2.273176908493042,6
2.2978131771087646,7
2.2545926570892334,8
2.2340304851531982,9
2.2489047050476074,10
2.2613651752471924,11
2.1941044330596924,12
2.239858388900757,13
2.1851413249969482,14
2.1785387992858887,15
2.2161011695861816,16
2.1563384532928467,17
2.1731059551239014,18
2.1849427223205566,19
2.111445188522339,20
