cond,min,loss,epoch
3448.883270263672,0.001538365351734683,2.6158970296382904,1
3462.1763916015625,0.0015209476696327329,2.571181982755661,2
3469.06201171875,0.0015062958118505776,2.569444864988327,3
3468.4635314941406,0.0014955338556319475,2.540676712989807,4
