cond,min,loss,epoch
2562.257568359375,0.0020924738297859826,2.613339556588067,1
2570.8891330295137,0.0020670214823136726,2.510779937108358,2
2574.5929904513887,0.0020436958875507116,2.5920710298750134,3
2575.08154296875,0.002020392644529541,2.5389908154805503,4
