cond,min,loss,epoch
153.319331640625,0.030198218071460725,2.3048183322906493,1
162.22914841308594,0.02390271165072918,2.2396467445373536,2
136.8359234375,0.02581951979696751,2.2168195320129396,3
132.99701916503906,0.025365008506178857,2.210579684829712,4
