cond,min,loss,epoch
150.19600301513674,0.03174798023104668,2.241404796218872,1
293.77984829101564,0.023855683684349063,2.1936185192108155,2
311.98956782226566,0.022321695291996003,2.2064460990905763,3
304.10686533203125,0.021772648495435715,2.201009267807007,4
298.19709814453125,0.02144009964168072,2.1988337116241454,5
293.8865634277344,0.021171144074201585,2.1969559619903563,6
290.51003203125003,0.02092923169732094,2.196064406204224,7
