cond,min,loss,epoch
122.8403494140625,0.03767242909371853,2.2437794441223144,1
153.94652177734375,0.02663506824076176,2.2049773277282716,2
142.27356809082033,0.025403014114499092,2.1916498378753664,3
138.87170244140626,0.025034828445315363,2.183063645172119,4
137.71775256347658,0.024802627339959145,2.180280028152466,5
136.44046052246094,0.024666649946570397,2.179194367599487,6
