cond,min,loss,epoch
87.53772900390625,0.04834636546373368,2.2348316026687622,1
132.18277717285156,0.03207459693551064,2.2299415828704836,2
125.53716732177735,0.030698823207616806,2.2267526531219484,3
117.32447954101563,0.031293124708533286,2.217276351547241,4
