cond,min,loss,epoch
161.57821528320312,0.02723879390060902,2.273587255859375,1
207.42509296875002,0.018319840893149378,2.2219138256072997,2
222.8678317138672,0.015866584154963493,2.2021180366516115,3
224.89000747070313,0.0151479074254632,2.194690384674072,4
226.37680837402345,0.014754503060877324,2.1923267051696778,5
225.8298095703125,0.0145106281965971,2.190855406951904,6
224.838142578125,0.014357574765384198,2.1899611904144285,7
