cond,min,loss,epoch
127.01190345458986,0.03669435102045536,2.258445344924927,1
164.12394709472656,0.023276013058423996,2.228839092254639,2
170.62152534179688,0.02015805051624775,2.2122389026641844,3
165.1353145996094,0.019859402644634247,2.2001408025741576,4
160.34284904785156,0.01989093754887581,2.1964416313171387,5
156.59221176757814,0.019992614445090293,2.1941165683746338,6
153.54875695800783,0.02006872040629387,2.192431016921997,7
151.23635092773438,0.020123180547356605,2.1915316162109373,8
