cond,min,loss,epoch
197.12387060546877,0.022732477563619614,2.272918180465698,1
231.53828254394531,0.01688682950437069,2.2304966632843017,2
205.68123920898438,0.01756412553191185,2.2082291776657104,3
182.20040297851563,0.019052183961868287,2.197864366912842,4
169.44340625,0.019986639553308486,2.1945508708953856,5
162.57099104003908,0.020479110595583917,2.192483650970459,6
158.49807260742188,0.020725562521815302,2.191660940551758,7
155.4732620605469,0.020890955984592438,2.191428295516968,8
