cond,min,loss,epoch
155.96157833251954,0.03182072366774082,2.2092231784820555,1
258.19158022460937,0.027449125355482103,2.193974380493164,2
234.74231193847658,0.029852181661129,2.205286265182495,3
216.80930900878909,0.031099546864628794,2.200479061126709,4
209.1718053466797,0.031526452678442,2.1981537872314454,5
205.77598820800782,0.03153112746477127,2.1966344116210936,6
204.22201337890627,0.031378740131855015,2.195101029968262,7
203.41277634277344,0.031173013821244242,2.194931888580322,8
202.9958995605469,0.030985188603401187,2.1940124053955077,9
