cond,min,loss,epoch
124.58345242919921,0.0494715690433979,1.7072586763381958,1
276.6114090576172,0.05069185847640038,0.615449295091629,2
346.88641123046875,0.05174100466966629,0.3518643526554108,3
370.2824236328125,0.05322566002607346,0.2803445389509201,4
388.04262919921877,0.05339067628383636,0.24503769538402556,5
401.6956690917969,0.05325348217487335,0.22303321676254273,6
