cond,min,loss,epoch
118.111884375,0.054976301336288454,1.5438360689163209,1
216.75087185058592,0.06406880680918693,0.5377803662776947,2
253.60811708984374,0.07043027696609497,0.30984151372909546,3
267.47358701171873,0.07371990929841996,0.25517700815200806,4
274.5544258789063,0.07589872508049011,0.23083731927871703,5
280.114188671875,0.07712389842271805,0.21450058672428132,6
