cond,min,loss,epoch
65.58566237182617,0.09326008603572845,1.330690659379959,1
121.45619519042968,0.10518661346435547,0.29861658647060396,2
133.90985646972655,0.1146759113073349,0.18801991436481477,3
136.23124748535156,0.12158795615434646,0.16649191544055938,4
135.75004291992187,0.12761495822668076,0.15611250236034394,5
133.8684783203125,0.1331854813337326,0.14895413610935213,6
