cond,min,loss,epoch
160.2009191772461,0.040394392800331115,1.650609422969818,1
328.3019186035156,0.04238111229538918,0.5768190912723541,2
389.517246484375,0.04580453136563301,0.3641087955474854,3
410.1093374511719,0.04812305109500885,0.29236982045173643,4
417.9442250976563,0.050013260555267336,0.25709939870834353,5
417.5303349609375,0.051894825756549835,0.23707549543380738,6
