cond,min,loss,epoch
115.63251934814453,0.04953710712194443,1.5274578521728515,1
216.64266018066405,0.056849202400445935,0.37804829671382906,2
243.41378193359375,0.06277428526282311,0.22329194812774658,3
247.49989020996094,0.067252192735672,0.1939751683473587,4
244.53487702636718,0.07145276676416397,0.18128040215969085,5
237.99951291503908,0.07571808406114579,0.17331006786823272,6
