cond,min,loss,epoch
53.56193311767578,0.1290237434029579,1.1872358646869658,1
103.6446748046875,0.1285192092180252,0.38342758848667147,2
120.11591630859375,0.13039866371154785,0.28633828239440917,3
138.25112917480467,0.12216085897684097,0.2291099925518036,4
166.26449333496095,0.10661810563802719,0.1791867877960205,5
190.87436892089843,0.09573973642587662,0.15882036809921266,6
