loss,epoch
2.335841178894043,1
2.340333938598633,2
2.3281595706939697,3
2.296802520751953,4
2.300751209259033,5
2.2875783443450928,6
2.2856738567352295,7
2.2732605934143066,8
2.2790467739105225,9
2.2747955322265625,10
2.2659337520599365,11
2.2630882263183594,12
2.2402126789093018,13
2.255117893218994,14
2.2170114517211914,15
2.2150137424468994,16
2.252678394317627,17
