loss,epoch
2.333507776260376,1
2.348008394241333,2
2.316452980041504,3
2.315336227416992,4
2.2984488010406494,5
2.3175151348114014,6
2.2930495738983154,7
2.3035802841186523,8
2.28721284866333,9
2.260228395462036,10
2.2694473266601562,11
2.2700490951538086,12
2.2670717239379883,13
2.2534637451171875,14
