loss,epoch
2.3215324878692627,1
2.330026388168335,2
2.3099372386932373,3
2.312953472137451,4
2.297473430633545,5
2.295362710952759,6
2.280050277709961,7
2.2940595149993896,8
2.254488706588745,9
2.2564704418182373,10
2.2324812412261963,11
2.245356798171997,12
2.2341465950012207,13
2.251767635345459,14
2.2345190048217773,15
2.2476797103881836,16
2.203857660293579,17
2.213303804397583,18
2.2390081882476807,19
2.2073633670806885,20
