loss,epoch
2.3355112075805664,1
2.3473873138427734,2
2.32163405418396,3
2.32100510597229,4
2.3219120502471924,5
2.299520969390869,6
2.2970499992370605,7
2.290898084640503,8
2.2943215370178223,9
2.262704849243164,10
2.2679476737976074,11
2.2676596641540527,12
2.247244119644165,13
2.2449445724487305,14
2.274378776550293,15
2.2121784687042236,16
2.246265172958374,17
