loss,epoch
2.288107395172119,1
2.3317503929138184,2
2.3023645877838135,3
2.3031797409057617,4
2.2867023944854736,5
2.292173385620117,6
2.259697198867798,7
2.2679169178009033,8
2.26784086227417,9
2.2433724403381348,10
2.245307445526123,11
2.237534761428833,12
2.2540366649627686,13
2.212827444076538,14
2.2284176349639893,15
2.190432548522949,16
2.2029592990875244,17
