loss,epoch
2.3171956539154053,1
2.316471576690674,2
2.2905499935150146,3
2.299487590789795,4
2.2952849864959717,5
2.3263659477233887,6
2.31648588180542,7
2.3169710636138916,8
2.274951934814453,9
2.265970230102539,10
2.217864751815796,11
2.2325031757354736,12
2.233445167541504,13
2.232422113418579,14
2.2190163135528564,15
2.202087640762329,16
2.2128491401672363,17
2.252633571624756,18
2.200246572494507,19
2.1960229873657227,20
